"url","price","stars"
"/dp/B00DQFGJR4/?coliid=I1DAPKX8IHV9DP&colid=JQK192QOJWAT&psc=1&ref_=lv_vv_lig_dp_it","
$472.74
","4.6"
"/dp/B07Z8PW58J/?coliid=IDPOOGQSQNWD4&colid=JQK192QOJWAT&psc=1&ref_=lv_vv_lig_dp_it","
$3,000.00
","4.8"
"/dp/B08BNGCZXW/?coliid=I14L2QWZTGT8L&colid=JQK192QOJWAT&psc=1&ref_=lv_vv_lig_dp_it","
$1,299.00
","4.4"
"/dp/B07WGR4CLQ/?coliid=I1989GQW2I979Q&colid=JQK192QOJWAT&psc=1&ref_=lv_vv_lig_dp_it","
$799.00
","4.4"
"/dp/B072NDTS6F/?coliid=I20J15KLZIDV3&colid=JQK192QOJWAT&psc=1&ref_=lv_vv_lig_dp_it","
$572.73
","4.5"
"/dp/B07FDSNXBR/?coliid=I3M4ETEJTTFEE2&colid=JQK192QOJWAT&psc=1&ref_=lv_vv_lig_dp_it","
$279.00
","4.6"
"/dp/B07B93KF28/?coliid=I3A7GC7NIWGPME&colid=JQK192QOJWAT&psc=1&ref_=lv_vv_lig_dp_it","
$319.00
","4.5"
"/dp/B07Q22VD32/?coliid=IDM14XTGK3O3O&colid=JQK192QOJWAT&psc=1&ref_=lv_vv_lig_dp_it","
$200.00
","5.0"
"/dp/B08K5V1PJ2/?coliid=I1I1GL67W6W2MG&colid=JQK192QOJWAT&psc=0&ref_=lv_vv_lig_dp_it","","4.8"
"/dp/B07XQ74RGH/?coliid=I2T8IF3O4AX7L8&colid=JQK192QOJWAT&psc=1&ref_=lv_vv_lig_dp_it","
$489.80
",""
"/dp/B07GKLG3ZP/?coliid=I11LSBRWT068EZ&colid=JQK192QOJWAT&psc=1&ref_=lv_vv_lig_dp_it","","4.8"
"/dp/B01LZ9C8QL/?coliid=IDGOX29JQT9DH&colid=JQK192QOJWAT&psc=1&ref_=lv_vv_lig_dp_it","
$1,060.85
","4.8"
"/dp/B01AYMU4KE/?coliid=I32ZMD6694YYIL&colid=JQK192QOJWAT&psc=1&ref_=lv_vv_lig_dp_it","
$647.28
","4.8"
"/dp/B072QFVV3J/?coliid=IURMWX4GC1JOY&colid=JQK192QOJWAT&psc=1&ref_=lv_vv_lig_dp_it","
$4,099.00
","4.8"
"/dp/B08HM4L4Q2/?coliid=I27REZYSL830FC&colid=JQK192QOJWAT&psc=1&ref_=lv_vv_lig_dp_it","
$4,142.69
","4.1"
"/dp/B092541FJX/?coliid=ICHEQ86O2JGRT&colid=JQK192QOJWAT&psc=0&ref_=lv_vv_lig_dp_it","","3.6"
"/dp/B08WJDFMHT/?coliid=I2ABA7TIWD2G8V&colid=JQK192QOJWAT&psc=1&ref_=lv_vv_lig_dp_it","
$15,499.00
","5.0"
"/dp/B089Q5K7GK/?coliid=I2LWOIAMR78RA3&colid=JQK192QOJWAT&psc=1&ref_=lv_vv_lig_dp_it","
$5,830.81
","4.7"
"/dp/B08T88Y23K/?coliid=I1OMC805XMCPI5&colid=JQK192QOJWAT&psc=1&ref_=lv_vv_lig_dp_it","
$3,609.35
","4.4"
"/dp/B01MXLB67B/?coliid=I14VCREEB4M9V9&colid=JQK192QOJWAT&psc=1&ref_=lv_vv_lig_dp_it","
$2,462.55
","4.7"
"/dp/B00DK3P856/?coliid=I37EKAO6GQSATT&colid=JQK192QOJWAT&psc=1&ref_=lv_vv_lig_dp_it","
$509.12
","4.8"
"/dp/B07RW2HJGQ/?coliid=I38I3UAAI6WHXI&colid=JQK192QOJWAT&psc=1&ref_=lv_vv_lig_dp_it","
$1,305.69
","4.2"
"/dp/1889323209/?coliid=I1GBT21NJ4E9G7&colid=JQK192QOJWAT&psc=1&ref_=lv_vv_lig_dp_it","","4.3"
"/dp/B08YGNG664/?coliid=I36YNLZ8AY38FR&colid=JQK192QOJWAT&psc=1&ref_=lv_vv_lig_dp_it","","4.9"
"/dp/B0776LYDWS/?coliid=I2NFV3HNNB0NP2&colid=JQK192QOJWAT&psc=1&ref_=lv_vv_lig_dp_it","
$736.26
","4.5"
"/dp/B01MFGICQT/?coliid=I28AM56N9TLW62&colid=JQK192QOJWAT&psc=1&ref_=lv_vv_lig_dp_it","
$1,534.24
","4.7"
"/dp/B0774Y814B/?coliid=I1QJC7Z5HROSZ5&colid=JQK192QOJWAT&psc=1&ref_=lv_vv_lig_dp_it","
$3,004.33
","4.7"
"/dp/B081VD6ZF5/?coliid=I3BWK12ZA1SN4R&colid=JQK192QOJWAT&psc=1&ref_=lv_vv_lig_dp_it","
$740.36
","4.6"
"/dp/B07Q95RZHT/?coliid=I2SZU4CQYSVGDN&colid=JQK192QOJWAT&psc=1&ref_=lv_vv_lig_dp_it","
$2,787.32
","4.0"
"/dp/B07Q838LJ8/?coliid=I13CT18FZ4AAED&colid=JQK192QOJWAT&psc=1&ref_=lv_vv_lig_dp_it","
$2,725.00
","4.0"
"/dp/B07Q837B7H/?coliid=I2Q102ZMX5WPDY&colid=JQK192QOJWAT&psc=1&ref_=lv_vv_lig_dp_it","
$4,384.62
","4.0"
"/dp/B08KWP8R1J/?coliid=I39R0JWUTPEGNT&colid=JQK192QOJWAT&psc=1&ref_=lv_vv_lig_dp_it","
$2,374.70
","4.9"
"/dp/B08C778RQ8/?coliid=IOG3K38FLWHN4&colid=JQK192QOJWAT&psc=1&ref_=lv_vv_lig_dp_it","
$2,983.85
","4.6"
"/dp/B08CFTHRWJ/?coliid=I2Z87QP3NKUWWR&colid=JQK192QOJWAT&psc=1&ref_=lv_vv_lig_dp_it","
$1,799.00
","4.1"
"/dp/B08HHBNKCV/?coliid=I11YHI58JY2TX2&colid=JQK192QOJWAT&psc=0&ref_=lv_vv_lig_dp_it","",""
"/dp/B07NPWPB23/?coliid=I3BG6FRDGBB4HK&colid=JQK192QOJWAT&psc=1&ref_=lv_vv_lig_dp_it","
$2,584.77
","4.7"
"/dp/B01ALML154/?coliid=I8W89GOUTB4J2&colid=JQK192QOJWAT&psc=1&ref_=lv_vv_lig_dp_it","
$4,481.99
","3.8"
"/dp/B08NWFK92G/?coliid=I2UJDM6QQEHW4L&colid=JQK192QOJWAT&psc=1&ref_=lv_vv_lig_dp_it","
$4,105.51
","5.0"
"/dp/B08L9T7WB7/?coliid=IQK0DDK2BOKWG&colid=JQK192QOJWAT&psc=1&ref_=lv_vv_lig_dp_it","
$4,552.41
","4.9"
"/dp/B093R23ZVJ/?coliid=I29FPBQLUL1DRR&colid=JQK192QOJWAT&psc=1&ref_=lv_vv_lig_dp_it","
$4,822.15
","5.0"
"/dp/B08V8FW7KF/?coliid=I13C87BE96VP0K&colid=JQK192QOJWAT&psc=1&ref_=lv_vv_lig_dp_it","
$4,346.22
",""
"/dp/B092W9R252/?coliid=I3G9GSM0QPKDY&colid=JQK192QOJWAT&psc=1&ref_=lv_vv_lig_dp_it","
$5,089.85
",""
"/dp/B07S3KGQKW/?coliid=I3L2F0T37F0DLC&colid=JQK192QOJWAT&psc=1&ref_=lv_vv_lig_dp_it","
$4,613.49
","4.6"
"/dp/B08H71TWDY/?coliid=I2JYOJYHO4ZO68&colid=JQK192QOJWAT&psc=0&ref_=lv_vv_lig_dp_it","","4.9"
"/dp/B08H71MRV7/?coliid=I1EB2HSMEPQ449&colid=JQK192QOJWAT&psc=1&ref_=lv_vv_lig_dp_it","","4.9"
"/dp/B096TKNZ4P/?coliid=IWYSJCRQMPWA0&colid=JQK192QOJWAT&psc=1&ref_=lv_vv_lig_dp_it","",""
"/dp/B096TLCBDV/?coliid=I12G6SC2EN9SJE&colid=JQK192QOJWAT&psc=1&ref_=lv_vv_lig_dp_it","",""
"/dp/B08NP4Z4DL/?coliid=I2M38CAK5UD9TC&colid=JQK192QOJWAT&psc=1&ref_=lv_vv_lig_dp_it","
$299.00
","4.4"
"/dp/B074RDPJLL/?coliid=I16WHQ2VLCGGV5&colid=JQK192QOJWAT&psc=1&ref_=lv_vv_lig_dp_it","
$149.00
","4.5"
"/dp/B08K8HL9PS/?coliid=I2AX1D63IND2EV&colid=JQK192QOJWAT&psc=1&ref_=lv_vv_lig_dp_it","
$198.00
","4.7"
"/dp/B0956PFTDK/?coliid=I2OPGNJJH8NNBE&colid=JQK192QOJWAT&psc=1&ref_=lv_vv_lig_dp_it","","4.9"
"/dp/B0956MH6PV/?coliid=I3AFYEBJFA2QQH&colid=JQK192QOJWAT&psc=1&ref_=lv_vv_lig_dp_it","","4.9"
"/dp/B071CV8CG2/?coliid=I1W5L8UWYRHCW1&colid=JQK192QOJWAT&psc=1&ref_=lv_vv_lig_dp_it","","4.7"
"/dp/B092QSCP4W/?coliid=I2GJRWA0RQQXAO&colid=JQK192QOJWAT&psc=1&ref_=lv_vv_lig_dp_it","","5.0"
"/dp/B08KH8Z7G2/?coliid=I1NB69MXTUW5L6&colid=JQK192QOJWAT&psc=0&ref_=lv_vv_lig_dp_it","","4.9"
"/dp/B08H6SBB2R/?coliid=I3BELIADWNCPD8&colid=JQK192QOJWAT&psc=1&ref_=lv_vv_lig_dp_it","","4.9"
"/dp/B091MH3VCM/?coliid=I2ZIF43I14R2C9&colid=JQK192QOJWAT&psc=0&ref_=lv_vv_lig_dp_it","","5.0"
"/dp/B0868WV2Q8/?coliid=I1E6RFQ20UNOJB&colid=JQK192QOJWAT&psc=1&ref_=lv_vv_lig_dp_it","
$449.00
","4.4"
"/dp/B07G176F76/?coliid=I2KFKDITUUKOL4&colid=JQK192QOJWAT&psc=0&ref_=lv_vv_lig_dp_it","","4.5"
"/dp/B082M4L5K6/?coliid=IGS4DGOLY7NDW&colid=JQK192QOJWAT&psc=1&ref_=lv_vv_lig_dp_it","
$3,829.00
","4.9"
"/dp/B072VMTVFK/?coliid=I1XKTP2PYATRBG&colid=JQK192QOJWAT&psc=1&ref_=lv_vv_lig_dp_it","
$1,019.15
","4.5"
"/dp/B07HFKKVLX/?coliid=I3F6339G9JPXMV&colid=JQK192QOJWAT&psc=1&ref_=lv_vv_lig_dp_it","
$1,199.00
","4.5"
"/dp/B06Y2WCHDV/?coliid=I3I4SVUWPEDKL8&colid=JQK192QOJWAT&psc=1&ref_=lv_vv_lig_dp_it","
$2,900.00
","4.4"
"/dp/B07NFQKMJX/?coliid=I3LHN27HMZ8EKH&colid=JQK192QOJWAT&psc=0&ref_=lv_vv_lig_dp_it","","4.5"
"/dp/B001R4LK1Q/?coliid=I2JVIJHX5I4P20&colid=JQK192QOJWAT&psc=1&ref_=lv_vv_lig_dp_it","
$1,133.25
","4.6"
"/dp/B07MV3DBQC/?coliid=I3OE1TK4KEOXP2&colid=JQK192QOJWAT&psc=1&ref_=lv_vv_lig_dp_it","
$399.99
","4.4"
"/dp/B01JLY1HSE/?coliid=I1NMSIFMZ33KS9&colid=JQK192QOJWAT&psc=1&ref_=lv_vv_lig_dp_it","
$594.95
","4.8"
"/dp/B08Q1LHYLM/?coliid=I1N6VMU2TM5OOK&colid=JQK192QOJWAT&psc=1&ref_=lv_vv_lig_dp_it","
$1,899.00
","5.0"
"/dp/B007K9OIMU/?coliid=I1CFJDJ71RUX99&colid=JQK192QOJWAT&psc=1&ref_=lv_vv_lig_dp_it","
$5,093.56
","4.4"
"/dp/B092D6NGGM/?coliid=I187VCSNSFCUAT&colid=JQK192QOJWAT&psc=1&ref_=lv_vv_lig_dp_it","
$459.00
",""
"/dp/B06XP4DKGL/?coliid=I1FX085HK7ABGC&colid=JQK192QOJWAT&psc=1&ref_=lv_vv_lig_dp_it","
$734.25
","4.8"
"/dp/B08V9FHQWN/?coliid=I1VV0GSYQJRLOI&colid=JQK192QOJWAT&psc=0&ref_=lv_vv_lig_dp_it","","4.8"
"/dp/B013XFJKGI/?coliid=IVBHXPYO6G6CE&colid=JQK192QOJWAT&psc=1&ref_=lv_vv_lig_dp_it","
$4,068.06
","4.3"
"/dp/B08W8M2YT5/?coliid=I39TE3C7J2RW4Y&colid=JQK192QOJWAT&psc=1&ref_=lv_vv_lig_dp_it","
$791.07
",""
"/dp/B08WYN3N6B/?coliid=I3Q8VM15FNAOB3&colid=JQK192QOJWAT&psc=0&ref_=lv_vv_lig_dp_it","","5.0"
"/dp/B073QVQNKN/?coliid=I2M89LZMO3CU6R&colid=JQK192QOJWAT&psc=1&ref_=lv_vv_lig_dp_it","
$1,779.00
","4.8"
"/dp/B08D325KW2/?coliid=I1AFNQXG0RJSHN&colid=JQK192QOJWAT&psc=1&ref_=lv_vv_lig_dp_it","
$329.00
","3.5"
"/dp/B085RMD5TP/?coliid=I3O70N1KW36UNM&colid=JQK192QOJWAT&psc=0&ref_=lv_vv_lig_dp_it","",""
"/dp/B08J8C7D8C/?coliid=I3316TNJ759WWL&colid=JQK192QOJWAT&psc=1&ref_=lv_vv_lig_dp_it","
$5,712.11
","4.5"
"/dp/B07GBYYSMF/?coliid=I1ZLYW3QR77YZ8&colid=JQK192QOJWAT&psc=1&ref_=lv_vv_lig_dp_it","
$1,789.00
","4.6"
"/dp/B08FQMBKQG/?coliid=I24KURE2Q3NZNV&colid=JQK192QOJWAT&psc=1&ref_=lv_vv_lig_dp_it","
$2,793.00
","4.6"
"/dp/B07YPBQSCK/?coliid=IE3H1M40XNNGU&colid=JQK192QOJWAT&psc=1&ref_=lv_vv_lig_dp_it","
$1,265.13
","4.7"
"/dp/B07YPBX9Y7/?coliid=I14CQGBLL7X7IU&colid=JQK192QOJWAT&psc=1&ref_=lv_vv_lig_dp_it","
$3,098.05
","4.7"
"/dp/B084RPZD6T/?coliid=I2QHUVRWNRRHSP&colid=JQK192QOJWAT&psc=1&ref_=lv_vv_lig_dp_it","
$1,172.00
","4.8"
"/dp/B07DG64YL9/?coliid=I2Z3RVB1CACS4G&colid=JQK192QOJWAT&psc=1&ref_=lv_vv_lig_dp_it","
$1,360.23
","4.7"
"/dp/B08BRF9QB7/?coliid=I30490HEJZ3UV4&colid=JQK192QOJWAT&psc=1&ref_=lv_vv_lig_dp_it","
$11,848.99
","4.8"
"/dp/B07YTF96FZ/?coliid=INMJKIG9DVAS2&colid=JQK192QOJWAT&psc=1&ref_=lv_vv_lig_dp_it","
$44,299.00
","3.9"
"/dp/B07SZ9WXY5/?coliid=IIDWEVMSTD2AX&colid=JQK192QOJWAT&psc=1&ref_=lv_vv_lig_dp_it","
$67,450.89
","4.4"
"/dp/B085B3GFRL/?coliid=I1V3TGT4EW6HFO&colid=JQK192QOJWAT&psc=1&ref_=lv_vv_lig_dp_it","
$41,899.00
","4.9"
"/dp/B089HJ9S33/?coliid=I3VO0BZH05UEX9&colid=JQK192QOJWAT&psc=1&ref_=lv_vv_lig_dp_it","
$44,975.26
","4.5"
"/dp/B08L7T3H2L/?coliid=I297V2UH8VSFKU&colid=JQK192QOJWAT&psc=1&ref_=lv_vv_lig_dp_it","
$29,999.00
","5.0"
"/dp/B08GFM5FML/?coliid=I16C9ZFSDGJEYU&colid=JQK192QOJWAT&psc=1&ref_=lv_vv_lig_dp_it","
$49,399.00
","4.7"
"/dp/B08N6Q71P7/?coliid=I2ARXGSF3HDTEZ&colid=JQK192QOJWAT&psc=0&ref_=lv_vv_lig_dp_it","","4.9"
"/dp/B08N6NQT8K/?coliid=I39ZAMRGOUYKES&colid=JQK192QOJWAT&psc=1&ref_=lv_vv_lig_dp_it","
$25,999.00
","4.9"
"/dp/B07Z8QGMQP/?coliid=IMMNXIMCO7I7E&colid=JQK192QOJWAT&psc=1&ref_=lv_vv_lig_dp_it","
$8,899.00
","4.7"
"/dp/B078RT392P/?coliid=I2IBXRY2WJ7YT4&colid=JQK192QOJWAT&psc=0&ref_=lv_vv_lig_dp_it","","4.7"
"/dp/B07WSJYRFH/?coliid=I1HVZLFSAHXF5Z&colid=JQK192QOJWAT&psc=1&ref_=lv_vv_lig_dp_it","
$3,790.00
","4.7"
"/dp/B08J5WQTL5/?coliid=I2P8521PNPHUUM&colid=JQK192QOJWAT&psc=1&ref_=lv_vv_lig_dp_it","
$1,509.39
","4.8"
"/dp/B07QFCB97K/?coliid=I3BY781GHOQPE6&colid=JQK192QOJWAT&psc=1&ref_=lv_vv_lig_dp_it","","4.8"
"/dp/B074ZQJW9R/?coliid=I2GUUN0VGCXEPR&colid=JQK192QOJWAT&psc=1&ref_=lv_vv_lig_dp_it","
$1,469.98
","4.7"
"/dp/B07QNZC9V5/?coliid=I3TKHAH2FQY5JN&colid=JQK192QOJWAT&psc=1&ref_=lv_vv_lig_dp_it","
$1,579.00
","4.6"
"/dp/B08F7PTF54/?coliid=I1XJEIT2H08PWR&colid=JQK192QOJWAT&psc=1&ref_=lv_vv_lig_dp_it","","4.8"
"/dp/B081PP4CB6/?coliid=I8Z7PGXKV1ZB9&colid=JQK192QOJWAT&psc=1&ref_=lv_vv_lig_dp_it","
$3,998.52
","4.6"
"/dp/B07MH94CL5/?coliid=I1KQ18J11Q6SP5&colid=JQK192QOJWAT&psc=0&ref_=lv_vv_lig_dp_it","","4.7"
"/dp/B0784MVB19/?coliid=I3HS8Z3X80VEGF&colid=JQK192QOJWAT&psc=1&ref_=lv_vv_lig_dp_it","","4.6"
"/dp/B07X9W8CBP/?coliid=I2QQPM0PVUUG2E&colid=JQK192QOJWAT&psc=1&ref_=lv_vv_lig_dp_it","
$1,386.14
","4.7"
"/dp/B08WFD42G5/?coliid=I2PVJ8E8MH1GDI&colid=JQK192QOJWAT&psc=0&ref_=lv_vv_lig_dp_it","","4.6"
"/dp/B07RMC5BRL/?coliid=IHDYM0PH7FV4Y&colid=JQK192QOJWAT&psc=1&ref_=lv_vv_lig_dp_it","
$1,256.86
","4.6"
"/dp/0786966831/?coliid=I3MOWL0D1Z9ZNF&colid=JQK192QOJWAT&psc=1&ref_=lv_vv_lig_dp_it","
$793.42
","4.8"
"/dp/B088M9NCD2/?coliid=I3L5U97X8WI0QQ&colid=JQK192QOJWAT&psc=1&ref_=lv_vv_lig_dp_it","
$294.78
","4.5"
"/dp/B00Z05JMKO/?coliid=I2U5RCZLN09C7W&colid=JQK192QOJWAT&psc=1&ref_=lv_vv_lig_dp_it","
$299.00
","4.7"
"/dp/B08DSTJWK5/?coliid=I3YNLL3FQM09D&colid=JQK192QOJWAT&psc=1&ref_=lv_vv_lig_dp_it","
$1,199.00
","4.4"
"/dp/B07ZDVXWPN/?coliid=I14MROZEUZ3ZSD&colid=JQK192QOJWAT&psc=0&ref_=lv_vv_lig_dp_it","","4.5"
"/dp/B08D6YXW6T/?coliid=I3H5KD1SG6MJ1P&colid=JQK192QOJWAT&psc=0&ref_=lv_vv_lig_dp_it","","4.7"
"/dp/B07ZDVYMST/?coliid=I1BYWKK5WHV3HA&colid=JQK192QOJWAT&psc=0&ref_=lv_vv_lig_dp_it","","4.5"
"/dp/B07PRBRD5K/?coliid=I30E1NHBTZXVAC&colid=JQK192QOJWAT&psc=1&ref_=lv_vv_lig_dp_it","
$501.18
","4.4"
"/dp/B06XYKVPLS/?coliid=I64PHCIZ1S6I8&colid=JQK192QOJWAT&psc=0&ref_=lv_vv_lig_dp_it","","4.8"
"/dp/B0117RGG8E/?coliid=I30WBOGCA65Y70&colid=JQK192QOJWAT&psc=1&ref_=lv_vv_lig_dp_it","
$5,299.00
","4.7"
"/dp/B07B83DGMV/?coliid=I11BZ69ZRTKKXR&colid=JQK192QOJWAT&psc=1&ref_=lv_vv_lig_dp_it","
$4,098.12
","4.6"
"/dp/B003D66TXA/?coliid=I3KSV5LZBJLK7A&colid=JQK192QOJWAT&psc=1&ref_=lv_vv_lig_dp_it","
$1,719.00
","4.6"
"/dp/B00XAZCTNS/?coliid=I1CLEDE4LBEK8N&colid=JQK192QOJWAT&psc=0&ref_=lv_vv_lig_dp_it","","4.7"
"/dp/B08DG196CC/?coliid=INZA2R76LW9S9&colid=JQK192QOJWAT&psc=1&ref_=lv_vv_lig_dp_it","
$35,999.00
","4.4"
"/dp/B092CWVNGJ/?coliid=I2UJSQOWI3WU9V&colid=JQK192QOJWAT&psc=1&ref_=lv_vv_lig_dp_it","
$38,799.85
",""
"/dp/B08ZLC661T/?coliid=I2EQZFUTP8LGEO&colid=JQK192QOJWAT&psc=0&ref_=lv_vv_lig_dp_it","","4.5"
"/dp/B08BWQYNYQ/?coliid=I2MD55L055I30L&colid=JQK192QOJWAT&psc=0&ref_=lv_vv_lig_dp_it","","4.6"
"/dp/B0845Y1FRN/?coliid=I29JZ3WQ86YEH&colid=JQK192QOJWAT&psc=1&ref_=lv_vv_lig_dp_it","
$12,934.66
","4.1"
"/dp/B083CN3DXJ/?coliid=I5OLGL6LWXBEH&colid=JQK192QOJWAT&psc=1&ref_=lv_vv_lig_dp_it","
$2,685.00
","3.3"
"/dp/6073137052/?coliid=I100QLTBDGLQYY&colid=JQK192QOJWAT&psc=1&ref_=lv_vv_lig_dp_it","","4.6"
"/dp/B07GVG3KQS/?coliid=I1VHSXDKN28WX4&colid=JQK192QOJWAT&psc=1&ref_=lv_vv_lig_dp_it","
$4,364.55
","4.7"
"/dp/B08C72V1LB/?coliid=I2O5LDNNP0DUI5&colid=JQK192QOJWAT&psc=1&ref_=lv_vv_lig_dp_it","
$1,517.81
","4.4"
"/dp/B08HYFB8QW/?coliid=I2TV6FT8CJM1V5&colid=JQK192QOJWAT&psc=1&ref_=lv_vv_lig_dp_it","
$549.99
","5.0"
"/dp/B08R5JSYZQ/?coliid=I1RJ5XCVSRQXPN&colid=JQK192QOJWAT&psc=1&ref_=lv_vv_lig_dp_it","
$654.19
",""
"/dp/B08KSB1T54/?coliid=I2YLNZF94S5F9F&colid=JQK192QOJWAT&psc=1&ref_=lv_vv_lig_dp_it","
$1,095.80
",""
"/dp/B08ML7Y585/?coliid=I37FPS49UMPO49&colid=JQK192QOJWAT&psc=1&ref_=lv_vv_lig_dp_it","
$407.08
",""
"/dp/B094FNL4VF/?coliid=IZ396II1OOACG&colid=JQK192QOJWAT&psc=1&ref_=lv_vv_lig_dp_it","
$668.06
",""
"/dp/B08FC6C75Y/?coliid=I23K54P95FYES3&colid=JQK192QOJWAT&psc=1&ref_=lv_vv_lig_dp_it","","4.8"
"/dp/B07JYC9BW8/?coliid=I1C5AC7OGY1DFN&colid=JQK192QOJWAT&psc=0&ref_=lv_vv_lig_dp_it","","4.5"
"/dp/B092C58ZNX/?coliid=I2RV17FVQHE1CO&colid=JQK192QOJWAT&psc=0&ref_=lv_vv_lig_dp_it","","5.0"
"/dp/B08GGP4VVB/?coliid=I11CRFXNM1Z9II&colid=JQK192QOJWAT&psc=1&ref_=lv_vv_lig_dp_it","","4.3"
"/dp/B084RJGKRR/?coliid=I2BW85GQI31QKM&colid=JQK192QOJWAT&psc=1&ref_=lv_vv_lig_dp_it","
$1,146.41
","5.0"
"/dp/B07T8FPVLY/?coliid=IKHJ99CSU7WLD&colid=JQK192QOJWAT&psc=1&ref_=lv_vv_lig_dp_it","
$2,079.00
","5.0"
"/dp/B01N0XDCFM/?coliid=I3NV697RXLX41P&colid=JQK192QOJWAT&psc=1&ref_=lv_vv_lig_dp_it","","5.0"
"/dp/B072FRQZ65/?coliid=I2ZQYJ9D67KA6J&colid=JQK192QOJWAT&psc=1&ref_=lv_vv_lig_dp_it","","4.1"
"/dp/B07PHQ9MH9/?coliid=I2L334LB0MG74L&colid=JQK192QOJWAT&psc=1&ref_=lv_vv_lig_dp_it","","4.6"
"/dp/B07MQBZYZQ/?coliid=I1NCKFQHMVKHKI&colid=JQK192QOJWAT&psc=1&ref_=lv_vv_lig_dp_it","
$1,345.56
","4.1"
"/dp/B08NTQM12N/?coliid=I1JINTO1XNMBB4&colid=JQK192QOJWAT&psc=1&ref_=lv_vv_lig_dp_it","
$2,256.61
","4.8"
"/dp/B07HWF752Z/?coliid=I20DANFYPK47PH&colid=JQK192QOJWAT&psc=1&ref_=lv_vv_lig_dp_it","
$598.00
","4.3"
"/dp/B076KRDRQG/?coliid=ILBIQ6JBT5M6B&colid=JQK192QOJWAT&psc=0&ref_=lv_vv_lig_dp_it","","4.8"
"/dp/B0721GGGS9/?coliid=I541XJ24WK747&colid=JQK192QOJWAT&psc=1&ref_=lv_vv_lig_dp_it","","4.8"
"/dp/B01IH5O186/?coliid=I2Z9OWQR0MRBAS&colid=JQK192QOJWAT&psc=1&ref_=lv_vv_lig_dp_it","","4.7"
"/dp/B01IFJBQ1E/?coliid=IAYT7UO98HQCZ&colid=JQK192QOJWAT&psc=0&ref_=lv_vv_lig_dp_it","","4.8"
"/dp/B08CZY6NV9/?coliid=I3VJCYDYSDMZTY&colid=JQK192QOJWAT&psc=1&ref_=lv_vv_lig_dp_it","
$568.50
","4.5"
"/dp/B0897Y6KNY/?coliid=I1KF9758V0RHWH&colid=JQK192QOJWAT&psc=1&ref_=lv_vv_lig_dp_it","
$6,499.00
","4.7"
"/dp/B07RJYSV7H/?coliid=I3N7Q98XR0L3MH&colid=JQK192QOJWAT&psc=1&ref_=lv_vv_lig_dp_it","
$359.00
","3.8"
"/dp/1593070209/?coliid=I1CEORQWQG3HTI&colid=JQK192QOJWAT&psc=0&ref_=lv_vv_lig_dp_it","","4.8"
"/dp/B07SKCLW2G/?coliid=I11F2OY000W5MK&colid=JQK192QOJWAT&psc=0&ref_=lv_vv_lig_dp_it","","4.7"
"/dp/1589934806/?coliid=I1UDM0KC0G85IX&colid=JQK192QOJWAT&psc=1&ref_=lv_vv_lig_dp_it","
$584.13
","5.0"
"/dp/B07V2C2CVP/?coliid=I3H5SFS4S6PV7Y&colid=JQK192QOJWAT&psc=1&ref_=lv_vv_lig_dp_it","
$531.25
","5.0"
"/dp/B07FHPNSW7/?coliid=I3P1ZS5MSNYIZ1&colid=JQK192QOJWAT&psc=1&ref_=lv_vv_lig_dp_it","
$542.52
","5.0"
"/dp/B077BCRZ6F/?coliid=I2FLBFT7GQJ0MF&colid=JQK192QOJWAT&psc=1&ref_=lv_vv_lig_dp_it","
$992.73
","4.8"
"/dp/B08L7PPJGR/?coliid=IUWW19G93MONM&colid=JQK192QOJWAT&psc=1&ref_=lv_vv_lig_dp_it","
$35,499.00
","5.0"
"/dp/B08L7TBYJC/?coliid=IN777HNHUSVII&colid=JQK192QOJWAT&psc=1&ref_=lv_vv_lig_dp_it","
$27,498.99
","5.0"
"/dp/B08L7SZSD9/?coliid=I30Q0SQQBWGCZ2&colid=JQK192QOJWAT&psc=1&ref_=lv_vv_lig_dp_it","
$30,499.00
","4.4"
"/dp/B071DN1JCN/?coliid=I32DUV3KI2FEFT&colid=JQK192QOJWAT&psc=1&ref_=lv_vv_lig_dp_it","
$1,699.00
","4.2"
"/dp/B01MZ7A0RS/?coliid=I29ZMO7U84QCET&colid=JQK192QOJWAT&psc=0&ref_=lv_vv_lig_dp_it","","3.7"
"/dp/B07R5RVRCG/?coliid=I31ND3WTZLH5PY&colid=JQK192QOJWAT&psc=0&ref_=lv_vv_lig_dp_it","
$2,404.76
","3.7"
"/dp/B0044XKX7O/?coliid=I1UJTQ6XQILY6S&colid=JQK192QOJWAT&psc=1&ref_=lv_vv_lig_dp_it","
$2,500.00
","4.5"
"/dp/B00L6SHDLE/?coliid=I1MKGQP8XWY6RB&colid=JQK192QOJWAT&psc=1&ref_=lv_vv_lig_dp_it","
$1,749.00
","4.7"
"/dp/B07H4XGX16/?coliid=INI4UUVL1XAM8&colid=JQK192QOJWAT&psc=1&ref_=lv_vv_lig_dp_it","
$2,712.05
","4.4"
"/dp/B007136D46/?coliid=I3T031QU5PWDDU&colid=JQK192QOJWAT&psc=1&ref_=lv_vv_lig_dp_it","
$336.90
","4.5"
"/dp/B07QYKFG6J/?coliid=I37X303436V0LW&colid=JQK192QOJWAT&psc=0&ref_=lv_vv_lig_dp_it","","4.6"
"/dp/B06XDY3SJF/?coliid=IYI2T8CEPSI29&colid=JQK192QOJWAT&psc=1&ref_=lv_vv_lig_dp_it","
$3,468.95
","4.7"
"/dp/B01N11Z7HG/?coliid=I2GXRW3GEJSIR8&colid=JQK192QOJWAT&psc=0&ref_=lv_vv_lig_dp_it","","4.3"
"/dp/B089P328X6/?coliid=I3U1D8VKBQW08N&colid=JQK192QOJWAT&psc=1&ref_=lv_vv_lig_dp_it","
$229.00
","4.7"
"/dp/B08189V79Y/?coliid=IH1QLSJZLUSE2&colid=JQK192QOJWAT&psc=1&ref_=lv_vv_lig_dp_it","
$277.00
","4.2"
"/dp/B0797FB45J/?coliid=I5CO57LKNOKJW&colid=JQK192QOJWAT&psc=0&ref_=lv_vv_lig_dp_it","","4.5"
"/dp/B07JZYT15M/?coliid=I3QUR7YDSORTSW&colid=JQK192QOJWAT&psc=0&ref_=lv_vv_lig_dp_it","","4.4"
"/dp/B07KXQX3S3/?coliid=I2F21B7WYEEB91&colid=JQK192QOJWAT&psc=1&ref_=lv_vv_lig_dp_it","
$539.10
","4.9"
"/dp/B07HCZ7LPW/?coliid=IBEZ73PU2S14V&colid=JQK192QOJWAT&psc=0&ref_=lv_vv_lig_dp_it","","4.9"
"/dp/B08WYWTMM6/?coliid=IWC1VMLLK0DAT&colid=JQK192QOJWAT&psc=0&ref_=lv_vv_lig_dp_it","",""
"/dp/B01MY7GHKJ/?coliid=I1YZ3GTCXYB2G1&colid=JQK192QOJWAT&psc=0&ref_=lv_vv_lig_dp_it","","4.9"
"/dp/B07SL6ZXBL/?coliid=IQLKHLC5YVGHR&colid=JQK192QOJWAT&psc=0&ref_=lv_vv_lig_dp_it","","4.9"
"/dp/B08H9Z94H5/?coliid=I2L1UXS0JHUV4U&colid=JQK192QOJWAT&psc=1&ref_=lv_vv_lig_dp_it","","4.8"
"/dp/B08H9M7LDY/?coliid=I37CCT8NCC37TJ&colid=JQK192QOJWAT&psc=0&ref_=lv_vv_lig_dp_it","","4.9"
"/dp/B07HBMKFVY/?coliid=I13Y6M4RZ0EGE4&colid=JQK192QOJWAT&psc=1&ref_=lv_vv_lig_dp_it","","4.8"
"/dp/B01N5T26EP/?coliid=I1V2GPU5S0EAE2&colid=JQK192QOJWAT&psc=1&ref_=lv_vv_lig_dp_it","","4.9"
"/dp/B07PVPSSXD/?coliid=I29TNGG5WWJ1KE&colid=JQK192QOJWAT&psc=1&ref_=lv_vv_lig_dp_it","","4.8"
"/dp/B07TDLRFKK/?coliid=I1JP6OJXY1XCN1&colid=JQK192QOJWAT&psc=1&ref_=lv_vv_lig_dp_it","
$699.99
","4.7"
"/dp/B07GQPF13L/?coliid=I3KMABQC4WY3RQ&colid=JQK192QOJWAT&psc=1&ref_=lv_vv_lig_dp_it","
$379.00
","4.5"
"/dp/B08KHD9V74/?coliid=I1DTEXHI5P2PRD&colid=JQK192QOJWAT&psc=1&ref_=lv_vv_lig_dp_it","","4.8"
"/dp/B08BQ97QRX/?coliid=I2CYVUV43BNI2B&colid=JQK192QOJWAT&psc=1&ref_=lv_vv_lig_dp_it","","4.9"
"/dp/B08DFRXWF5/?coliid=I3MAJ85B7YBCSM&colid=JQK192QOJWAT&psc=1&ref_=lv_vv_lig_dp_it","","4.7"
"/dp/B01MY9JB2U/?coliid=I2WQCV9UOVG6VH&colid=JQK192QOJWAT&psc=1&ref_=lv_vv_lig_dp_it","","4.9"
"/dp/B07DJY81FP/?coliid=I27C00OTNXQGCV&colid=JQK192QOJWAT&psc=1&ref_=lv_vv_lig_dp_it","","4.9"
"/dp/B01MS6MO77/?coliid=I4MVY0ZVDAFLU&colid=JQK192QOJWAT&psc=1&ref_=lv_vv_lig_dp_it","","4.9"
"/dp/B08GZ3DRLW/?coliid=I3U3MIA1HJPOVS&colid=JQK192QOJWAT&psc=1&ref_=lv_vv_lig_dp_it","","4.7"
"/dp/B07GX4ZLFJ/?coliid=IYJU6HEC909QM&colid=JQK192QOJWAT&psc=0&ref_=lv_vv_lig_dp_it","","4.7"
"/dp/B01AJUFF8M/?coliid=I1SHOMJL8Q28EX&colid=JQK192QOJWAT&psc=1&ref_=lv_vv_lig_dp_it","","4.7"
"/dp/B07YMFYRVQ/?coliid=I27X0WWIHDVLLM&colid=JQK192QOJWAT&psc=1&ref_=lv_vv_lig_dp_it","","4.7"
"/dp/B0721CGXY2/?coliid=I22K0J6CIWLFE2&colid=JQK192QOJWAT&psc=1&ref_=lv_vv_lig_dp_it","","4.8"
"/dp/B01C6XAO7M/?coliid=IJ4ODZMRMA7XS&colid=JQK192QOJWAT&psc=1&ref_=lv_vv_lig_dp_it","","4.6"
"/dp/B07GW3YK17/?coliid=IBUH37XUQ11DE&colid=JQK192QOJWAT&psc=1&ref_=lv_vv_lig_dp_it","","4.9"
"/dp/B072FHHZFJ/?coliid=I15BP04CPC6ZUH&colid=JQK192QOJWAT&psc=1&ref_=lv_vv_lig_dp_it","","4.8"
"/dp/B01N4ND1T2/?coliid=I3CF5XTTKHOS9W&colid=JQK192QOJWAT&psc=1&ref_=lv_vv_lig_dp_it","","4.9"
"/dp/B01NAWKYZ0/?coliid=I3SAPGIWDO7XCV&colid=JQK192QOJWAT&psc=0&ref_=lv_vv_lig_dp_it","","4.9"
"/dp/B07SK4W1VJ/?coliid=I58PQMNEKHFV8&colid=JQK192QOJWAT&psc=1&ref_=lv_vv_lig_dp_it","","4.9"
"/dp/B01N1037CV/?coliid=I1ZE03IY4M08OA&colid=JQK192QOJWAT&psc=1&ref_=lv_vv_lig_dp_it","","4.9"
"/dp/B01CX26WIG/?coliid=I10FO5VT4T1QY8&colid=JQK192QOJWAT&psc=0&ref_=lv_vv_lig_dp_it","","4.7"
"/dp/B07VJRZ62R/?coliid=I1QJGV3G8LCPKH&colid=JQK192QOJWAT&psc=0&ref_=lv_vv_lig_dp_it","","4.9"
"/dp/B08M8YQMH4/?coliid=I3M3Q0H8Q3A2V9&colid=JQK192QOJWAT&psc=1&ref_=lv_vv_lig_dp_it","","4.6"
"/dp/B07HBD45MP/?coliid=ISSTXZMQPG2YY&colid=JQK192QOJWAT&psc=1&ref_=lv_vv_lig_dp_it","
$1,176.93
","4.4"
"/dp/B08TT9VT7C/?coliid=I1QG8CR3N5KL8L&colid=JQK192QOJWAT&psc=1&ref_=lv_vv_lig_dp_it","
$389.00
","4.6"
"/dp/B0828B86DH/?coliid=I1RIG1U66XCVBB&colid=JQK192QOJWAT&psc=0&ref_=lv_vv_lig_dp_it","","4.7"
"/dp/B07G9HDQVG/?coliid=IFJ6OQJ87N8RR&colid=JQK192QOJWAT&psc=0&ref_=lv_vv_lig_dp_it","","4.0"
"/dp/B07VNBC9Z9/?coliid=I2592I79L603AL&colid=JQK192QOJWAT&psc=1&ref_=lv_vv_lig_dp_it","
$5,010.72
","4.8"
"/dp/B08BFNZG2V/?coliid=I3PDFYUPE7TNXQ&colid=JQK192QOJWAT&psc=1&ref_=lv_vv_lig_dp_it","","4.8"
"/dp/B084GY46C5/?coliid=I1ZG45NLKN2ZK&colid=JQK192QOJWAT&psc=0&ref_=lv_vv_lig_dp_it","","3.8"
"/dp/B07QBVWFGC/?coliid=IATO75ILDCPUI&colid=JQK192QOJWAT&psc=1&ref_=lv_vv_lig_dp_it","
$1,905.97
","4.8"
"/dp/B074WGJ2MB/?coliid=IIIU0L3DDIMIE&colid=JQK192QOJWAT&psc=0&ref_=lv_vv_lig_dp_it","","4.2"
"/dp/B086PKMZ21/?coliid=I2A5LV10TIB96V&colid=JQK192QOJWAT&psc=1&ref_=lv_vv_lig_dp_it","
$1,106.26
","4.7"
"/dp/B08FQG96RP/?coliid=I2AP54JETIGV75&colid=JQK192QOJWAT&psc=1&ref_=lv_vv_lig_dp_it","
$4,499.00
","4.7"
"/dp/B08M8YPMN3/?coliid=IC95I76CTMSDU&colid=JQK192QOJWAT&psc=1&ref_=lv_vv_lig_dp_it","
$4,390.00
","4.2"
"/dp/B07NY9ZRZG/?coliid=I23HBR2S0HEFXE&colid=JQK192QOJWAT&psc=1&ref_=lv_vv_lig_dp_it","
$4,365.67
","4.6"
"/dp/B01ET9Q0KQ/?coliid=IWY28R52LPC5J&colid=JQK192QOJWAT&psc=0&ref_=lv_vv_lig_dp_it","","4.7"
"/dp/B07P9V347K/?coliid=I5LJE342ZV4MC&colid=JQK192QOJWAT&psc=1&ref_=lv_vv_lig_dp_it","
$439.11
","4.8"
"/dp/B07Y25S3P3/?coliid=I284RHPHVE9C7&colid=JQK192QOJWAT&psc=1&ref_=lv_vv_lig_dp_it","
$549.00
","4.7"
"/dp/B07NF5YT5H/?coliid=IC63FYH4Z0S2Q&colid=JQK192QOJWAT&psc=1&ref_=lv_vv_lig_dp_it","
$1,772.22
","4.1"
"/dp/B08141HYHG/?coliid=I3AVPD0GGSXIWS&colid=JQK192QOJWAT&psc=1&ref_=lv_vv_lig_dp_it","
$2,139.60
","4.7"
"/dp/B07JZLT7YF/?coliid=I1T6YQ08GGI51W&colid=JQK192QOJWAT&psc=1&ref_=lv_vv_lig_dp_it","
$842.70
","4.2"
"/dp/B07JRDYFVQ/?coliid=IMR516USBX816&colid=JQK192QOJWAT&psc=0&ref_=lv_vv_lig_dp_it","","4.2"
"/dp/B078F68WQ7/?coliid=I325AJQDRTDWLN&colid=JQK192QOJWAT&psc=1&ref_=lv_vv_lig_dp_it","
$523.54
","4.3"
"/dp/B06XHBNV2H/?coliid=I3IK5BAUL0TM5I&colid=JQK192QOJWAT&psc=0&ref_=lv_vv_lig_dp_it","","4.3"
"/dp/B0847TWBXV/?coliid=I1MCJT1747SYKV&colid=JQK192QOJWAT&psc=1&ref_=lv_vv_lig_dp_it","
$1,193.24
","4.4"
"/dp/B01LDVQTEA/?coliid=IGR2BOI8UAN23&colid=JQK192QOJWAT&psc=1&ref_=lv_vv_lig_dp_it","
$2,032.00
","4.8"
"/dp/B07X26Z1L2/?coliid=IIA279QPLJ8XQ&colid=JQK192QOJWAT&psc=0&ref_=lv_vv_lig_dp_it","","4.3"
"/dp/B07NYB1CGY/?coliid=IYCV8BRQDQKC8&colid=JQK192QOJWAT&psc=1&ref_=lv_vv_lig_dp_it","
$2,719.00
","4.4"
"/dp/B084TFWTH5/?coliid=I3IRMSQTHAZU8I&colid=JQK192QOJWAT&psc=1&ref_=lv_vv_lig_dp_it","
$2,299.00
","4.7"
"/dp/B07X8SJ8HM/?coliid=I24YB7B2J8K05Q&colid=JQK192QOJWAT&psc=1&ref_=lv_vv_lig_dp_it","
$1,791.75
","4.7"
"/dp/B07VKJ3NWG/?coliid=I1LZ34EMM327D9&colid=JQK192QOJWAT&psc=0&ref_=lv_vv_lig_dp_it","","4.9"
"/dp/B07NQDD526/?coliid=I1LJFCAS40EN6H&colid=JQK192QOJWAT&psc=0&ref_=lv_vv_lig_dp_it","","4.4"
"/dp/B07YD7J7P4/?coliid=I2AL9STME4EK91&colid=JQK192QOJWAT&psc=1&ref_=lv_vv_lig_dp_it","
$496.17
","4.5"
"/dp/B07ZNR3BMB/?coliid=I17H10YBZIXBWI&colid=JQK192QOJWAT&psc=1&ref_=lv_vv_lig_dp_it","
$935.85
","4.6"
"/dp/B088MKB54B/?coliid=I22ZE5AO3G5YXZ&colid=JQK192QOJWAT&psc=1&ref_=lv_vv_lig_dp_it","
$6,585.00
","4.7"
"/dp/B08GL4WZ4W/?coliid=I1M081980OQRK4&colid=JQK192QOJWAT&psc=1&ref_=lv_vv_lig_dp_it","
$1,273.00
","4.4"
"/dp/B01LVTI3TO/?coliid=I3GPDHRIJDH3BB&colid=JQK192QOJWAT&psc=1&ref_=lv_vv_lig_dp_it","
$1,879.41
","4.8"
"/dp/B08L61WLW7/?coliid=I1LV0BZ49NSW5Y&colid=JQK192QOJWAT&psc=1&ref_=lv_vv_lig_dp_it","
$2,264.00
","4.5"
"/dp/B08HR68MQZ/?coliid=I3NNY1DC6LKH1J&colid=JQK192QOJWAT&psc=1&ref_=lv_vv_lig_dp_it","
$4,359.43
","4.7"
"/dp/B08C6Z242Q/?coliid=I9T9SCTZNKIPJ&colid=JQK192QOJWAT&psc=1&ref_=lv_vv_lig_dp_it","
$3,017.39
","4.8"
"/dp/B07NGQ7CVG/?coliid=I14V3FQSRFPV6H&colid=JQK192QOJWAT&psc=1&ref_=lv_vv_lig_dp_it","
$1,006.72
","4.9"
"/dp/B00C2NCTRU/?coliid=I3EP6LJIKQX6KV&colid=JQK192QOJWAT&psc=0&ref_=lv_vv_lig_dp_it","","4.7"
"/dp/B00E98O7GC/?coliid=I2XT60XRY9P1D8&colid=JQK192QOJWAT&psc=1&ref_=lv_vv_lig_dp_it","
$278.40
","4.5"
"/dp/B0894P831S/?coliid=I7XTQ4L7QDHP6&colid=JQK192QOJWAT&psc=1&ref_=lv_vv_lig_dp_it","
$759.99
","4.9"
"/dp/B07L32B9C2/?coliid=I2K280DI9RJZQ0&colid=JQK192QOJWAT&psc=1&ref_=lv_vv_lig_dp_it","
$449.00
","4.7"
"/dp/B07TNRCM1Z/?coliid=I4B13FUCG20NL&colid=JQK192QOJWAT&psc=0&ref_=lv_vv_lig_dp_it","","4.8"
"/dp/B085RLZ1C4/?coliid=IXZ97RARMSX4S&colid=JQK192QOJWAT&psc=1&ref_=lv_vv_lig_dp_it","
$2,999.00
","4.8"
"/dp/B08JRY8C6M/?coliid=I3N6NCSC1GFFKX&colid=JQK192QOJWAT&psc=0&ref_=lv_vv_lig_dp_it","","5.0"
"/dp/B08J1NZFFW/?coliid=I3SR9CF0LFVBO7&colid=JQK192QOJWAT&psc=1&ref_=lv_vv_lig_dp_it","
$799.00
","5.0"
"/dp/B08J87JSKK/?coliid=I1OD8F17P6J1WL&colid=JQK192QOJWAT&psc=1&ref_=lv_vv_lig_dp_it","
$205.90
","5.0"
"/dp/B07ZZX5ZSR/?coliid=I16STASFU5TVVL&colid=JQK192QOJWAT&psc=1&ref_=lv_vv_lig_dp_it","
$1,199.00
","4.8"
"/dp/B013XJLCGU/?coliid=I31AH2R3JKEISI&colid=JQK192QOJWAT&psc=1&ref_=lv_vv_lig_dp_it","
$413.06
","4.4"
"/dp/B01F46RPS4/?coliid=I27VT5CIMSX1QU&colid=JQK192QOJWAT&psc=1&ref_=lv_vv_lig_dp_it","
$990.46
","5.0"
"/dp/B07GB324YZ/?coliid=I3EW4KMRXIGV7F&colid=JQK192QOJWAT&psc=0&ref_=lv_vv_lig_dp_it","","4.0"
"/dp/B08CBS84YS/?coliid=I1109G6A00TBP9&colid=JQK192QOJWAT&psc=1&ref_=lv_vv_lig_dp_it","
$379.89
","4.8"
"/dp/B000FZX93K/?coliid=I24M0K9F73H3R5&colid=JQK192QOJWAT&psc=1&ref_=lv_vv_lig_dp_it","
$649.00
","4.8"
"/dp/B08548FNC3/?coliid=I364K7A1IQVLHZ&colid=JQK192QOJWAT&psc=1&ref_=lv_vv_lig_dp_it","
$199.00
","4.3"
"/dp/B000CO89T8/?coliid=I3IUHAGMA40R49&colid=JQK192QOJWAT&psc=1&ref_=lv_vv_lig_dp_it","
$251.30
","4.4"
"/dp/B07SVBWVZ4/?coliid=I1JGJLNTHENLYW&colid=JQK192QOJWAT&psc=0&ref_=lv_vv_lig_dp_it","","4.8"
"/dp/B07CD8LGJ7/?coliid=I3BB1M5K699WRP&colid=JQK192QOJWAT&psc=1&ref_=lv_vv_lig_dp_it","
$899.00
","4.8"
"/dp/B07NNRTTCM/?coliid=I3HMKWKB76LY1W&colid=JQK192QOJWAT&psc=1&ref_=lv_vv_lig_dp_it","
$2,652.99
","4.9"
"/dp/B07YD579WM/?coliid=I2T40BTKN4961E&colid=JQK192QOJWAT&psc=1&ref_=lv_vv_lig_dp_it","
$2,663.00
","4.7"
"/dp/B01K8A29E6/?coliid=I2W2RDDSV53KC&colid=JQK192QOJWAT&psc=1&ref_=lv_vv_lig_dp_it","
$2,654.94
","4.8"
"/dp/B07VSHL7V6/?coliid=I52Q7IJNRKIXA&colid=JQK192QOJWAT&psc=1&ref_=lv_vv_lig_dp_it","
$4,257.99
","4.5"
"/dp/B071G84K34/?coliid=I1VYK92LEPJLZR&colid=JQK192QOJWAT&psc=0&ref_=lv_vv_lig_dp_it","","4.7"
"/dp/B003SWQGGY/?coliid=I2V54MEI28AP4D&colid=JQK192QOJWAT&psc=0&ref_=lv_vv_lig_dp_it","","4.6"
"/dp/B001F5VDVE/?coliid=ICUGKED917Z32&colid=JQK192QOJWAT&psc=1&ref_=lv_vv_lig_dp_it","
$255.00
","4.5"
"/dp/B07X9W721J/?coliid=IOCE1Q7M51XD9&colid=JQK192QOJWAT&psc=1&ref_=lv_vv_lig_dp_it","
$1,970.00
","4.6"
"/dp/B07XBWR7H1/?coliid=I1MU39H3GGFBMB&colid=JQK192QOJWAT&psc=1&ref_=lv_vv_lig_dp_it","
$2,095.98
","4.7"
"/dp/B07G1513J4/?coliid=I3TO84R321YQ1H&colid=JQK192QOJWAT&psc=1&ref_=lv_vv_lig_dp_it","
$1,434.24
","4.5"
"/dp/B077ZGRY9V/?coliid=I35Z99N3TEDF7Z&colid=JQK192QOJWAT&psc=1&ref_=lv_vv_lig_dp_it","
$2,612.77
","4.7"
"/dp/B07S9886QV/?coliid=IOYKST4URBXR9&colid=JQK192QOJWAT&psc=1&ref_=lv_vv_lig_dp_it","
$1,200.58
","4.5"
"/dp/B07FZQJ8PY/?coliid=I37Z9Z3O33E4QF&colid=JQK192QOJWAT&psc=1&ref_=lv_vv_lig_dp_it","
$2,430.93
","4.7"
"/dp/B08D45WDR7/?coliid=IFD70PU3YIIO&colid=JQK192QOJWAT&psc=1&ref_=lv_vv_lig_dp_it","","4.4"
"/dp/B07HZ6YWNB/?coliid=I1KHICYETW3XMW&colid=JQK192QOJWAT&psc=0&ref_=lv_vv_lig_dp_it","","4.2"
"/dp/B07RM4C1KY/?coliid=I2MVXMEDMJNBEA&colid=JQK192QOJWAT&psc=1&ref_=lv_vv_lig_dp_it","
$4,999.00
","4.8"
"/dp/B07WD66FL5/?coliid=I36QJTEXIT971W&colid=JQK192QOJWAT&psc=1&ref_=lv_vv_lig_dp_it","
$5,999.00
","4.0"
"/dp/B07DMJ61ZB/?coliid=I3IBDIUIFUFRNS&colid=JQK192QOJWAT&psc=1&ref_=lv_vv_lig_dp_it","
$438.00
","4.5"
"/dp/B07ZK6R8JF/?coliid=I1N6HOQWU0Y4Z4&colid=JQK192QOJWAT&psc=1&ref_=lv_vv_lig_dp_it","
$2,638.83
","4.6"
"/dp/B086PKMZ1Q/?coliid=I29BZK62E7HMLH&colid=JQK192QOJWAT&psc=1&ref_=lv_vv_lig_dp_it","
$1,759.00
","4.7"
"/dp/B07X8SFYJV/?coliid=IODMXI8QJBFXN&colid=JQK192QOJWAT&psc=1&ref_=lv_vv_lig_dp_it","
$1,910.14
","4.5"
"/dp/B002IDTUHG/?coliid=I2CP0WE91HQFXU&colid=JQK192QOJWAT&psc=1&ref_=lv_vv_lig_dp_it","
$2,973.00
","4.6"
"/dp/B07S3HH12T/?coliid=I3NHLU1CVG34K5&colid=JQK192QOJWAT&psc=1&ref_=lv_vv_lig_dp_it","
$3,099.00
","4.1"
"/dp/B07X23YBBH/?coliid=IRKUT1B2AN02W&colid=JQK192QOJWAT&psc=0&ref_=lv_vv_lig_dp_it","","4.5"
"/dp/B084NVKK5H/?coliid=I2VUR65G975GE9&colid=JQK192QOJWAT&psc=1&ref_=lv_vv_lig_dp_it","
$129.00
","4.5"
"/dp/B00MWRZFP4/?coliid=I2Q8WY4939IL8I&colid=JQK192QOJWAT&psc=1&ref_=lv_vv_lig_dp_it","
$689.00
","4.6"
"/dp/B07SFYV111/?coliid=I2TCAVS6K9PEIY&colid=JQK192QOJWAT&psc=0&ref_=lv_vv_lig_dp_it","","3.4"
"/dp/B079MDQDP4/?coliid=IIBE45YEH0JW1&colid=JQK192QOJWAT&psc=1&ref_=lv_vv_lig_dp_it","
$1,949.00
","4.5"
"/dp/B08J6ZHT7Q/?coliid=I1HAUV3TMQ2MKH&colid=JQK192QOJWAT&psc=1&ref_=lv_vv_lig_dp_it","
$672.10
",""
"/dp/B07ZLDYQLV/?coliid=I11A11YTPV6KJW&colid=JQK192QOJWAT&psc=1&ref_=lv_vv_lig_dp_it","
$2,499.00
","4.7"
"/dp/B015J34FIU/?coliid=I1AWW3MI1MBIH5&colid=JQK192QOJWAT&psc=0&ref_=lv_vv_lig_dp_it","","4.8"
"/dp/B015J351LK/?coliid=I1HOMGDXTLXL5D&colid=JQK192QOJWAT&psc=0&ref_=lv_vv_lig_dp_it","","4.8"
"/dp/B001D1FJ2E/?coliid=ION85Y6GX1QNZ&colid=JQK192QOJWAT&psc=1&ref_=lv_vv_lig_dp_it","
$363.98
","4.8"
"/dp/B01BV1XB2K/?coliid=I2UTG5HVEDQ0JZ&colid=JQK192QOJWAT&psc=1&ref_=lv_vv_lig_dp_it","
$3,977.04
","4.7"
"/dp/B074SZ4183/?coliid=IURHH2E8ZFXGC&colid=JQK192QOJWAT&psc=0&ref_=lv_vv_lig_dp_it","","4.7"
"/dp/B01JWK4SZ6/?coliid=I1DTDN06DESO7P&colid=JQK192QOJWAT&psc=1&ref_=lv_vv_lig_dp_it","
$361.79
","4.6"
"/dp/B07WLSQMHF/?coliid=I1PGL9KCNJOTOE&colid=JQK192QOJWAT&psc=0&ref_=lv_vv_lig_dp_it","
$899.00
","4.8"
"/dp/B087GBW895/?coliid=I2CGRYK2FVQUBU&colid=JQK192QOJWAT&psc=1&ref_=lv_vv_lig_dp_it","
$3,999.00
","4.4"
"/dp/B07S77QPKM/?coliid=I15641I37GC1O2&colid=JQK192QOJWAT&psc=1&ref_=lv_vv_lig_dp_it","
$2,599.00
","4.5"
"/dp/B088WBPF7J/?coliid=IZ42UKIIN54IU&colid=JQK192QOJWAT&psc=1&ref_=lv_vv_lig_dp_it","
$4,120.86
","4.3"
"/dp/B088HDQ5DC/?coliid=I3U896LQBCTA98&colid=JQK192QOJWAT&psc=1&ref_=lv_vv_lig_dp_it","
$4,099.00
","4.4"
"/dp/B08C2Y257Y/?coliid=I251CLRP44MZ0C&colid=JQK192QOJWAT&psc=1&ref_=lv_vv_lig_dp_it","
$3,799.00
","4.1"
"/dp/B07XCYT7HV/?coliid=I286A3BNMG9DSW&colid=JQK192QOJWAT&psc=1&ref_=lv_vv_lig_dp_it","
$1,777.40
","4.5"
"/dp/B081415GCS/?coliid=I11TNET3F6P0CQ&colid=JQK192QOJWAT&psc=1&ref_=lv_vv_lig_dp_it","
$2,247.27
","4.7"
"/dp/B073Q1CQKG/?coliid=I235GV0LJX8OB2&colid=JQK192QOJWAT&psc=1&ref_=lv_vv_lig_dp_it","
$1,375.00
","4.5"
"/dp/B0071QGXES/?coliid=I320GM4D9HS9F3&colid=JQK192QOJWAT&psc=1&ref_=lv_vv_lig_dp_it","
$1,370.00
","4.5"
"/dp/B005JABN8Y/?coliid=I28BA7RLOY6M45&colid=JQK192QOJWAT&psc=1&ref_=lv_vv_lig_dp_it","
$1,630.00
","4.6"
"/dp/B00435WX7G/?coliid=I3BB2O8M919QST&colid=JQK192QOJWAT&psc=1&ref_=lv_vv_lig_dp_it","
$1,500.00
","4.7"
"/dp/B07N5H7V17/?coliid=I2WGRLMGOCVORY&colid=JQK192QOJWAT&psc=1&ref_=lv_vv_lig_dp_it","
$499.99
","5.0"
"/dp/B08H7JXVHW/?coliid=I3EB653JCURL1X&colid=JQK192QOJWAT&psc=1&ref_=lv_vv_lig_dp_it","","4.9"
"/dp/B00MUOR5TS/?coliid=I2KGIUXZ3OF3P0&colid=JQK192QOJWAT&psc=0&ref_=lv_vv_lig_dp_it","","4.7"
"/dp/B07KK8NQPW/?coliid=I1M9GF13JX7ADD&colid=JQK192QOJWAT&psc=1&ref_=lv_vv_lig_dp_it","
$530.00
","4.3"
"/dp/B00VVYIPV0/?coliid=I3EHQ8HNTD1B31&colid=JQK192QOJWAT&psc=1&ref_=lv_vv_lig_dp_it","
$409.00
","4.8"
"/dp/B01NASUGOS/?coliid=I3NFAALS4SS6TP&colid=JQK192QOJWAT&psc=1&ref_=lv_vv_lig_dp_it","","4.6"
"/dp/B089342989/?coliid=I2B706TX037ESB&colid=JQK192QOJWAT&psc=1&ref_=lv_vv_lig_dp_it","
$3,882.07
","4.5"
"/dp/B07CVL2D2S/?coliid=I2MJQAT9SBR35T&colid=JQK192QOJWAT&psc=1&ref_=lv_vv_lig_dp_it","
$2,386.93
","4.7"
"/dp/B07ZMSW6WH/?coliid=I3POS5TCEBKXJC&colid=JQK192QOJWAT&psc=1&ref_=lv_vv_lig_dp_it","
$199.00
","4.6"
"/dp/B0017IHRNM/?coliid=I2KHEYBHDB4LQX&colid=JQK192QOJWAT&psc=1&ref_=lv_vv_lig_dp_it","
$849.00
","4.7"
"/dp/B08H6P23H1/?coliid=I3052NNIA8LTCC&colid=JQK192QOJWAT&psc=0&ref_=lv_vv_lig_dp_it","","4.8"
"/dp/B010TQY7A8/?coliid=I1UFO1N8LRY581&colid=JQK192QOJWAT&psc=1&ref_=lv_vv_lig_dp_it","
$509.99
","4.9"
"/dp/B08H71MRVB/?coliid=IGR2Q5Q3JRJXJ&colid=JQK192QOJWAT&psc=0&ref_=lv_vv_lig_dp_it","","4.8"
"/dp/B08LWVKZFS/?coliid=I2NLEE2O4S0UFN&colid=JQK192QOJWAT&psc=0&ref_=lv_vv_lig_dp_it","","4.9"
"/dp/B084DDDNRP/?coliid=I1F6BSY76X2FVY&colid=JQK192QOJWAT&psc=1&ref_=lv_vv_lig_dp_it","","4.9"
"/dp/B07CZT4TF4/?coliid=I2LN837Y5KTL1&colid=JQK192QOJWAT&psc=1&ref_=lv_vv_lig_dp_it","
$761.18
","4.3"
"/dp/B07DHX628R/?coliid=I309L540E3V6CM&colid=JQK192QOJWAT&psc=1&ref_=lv_vv_lig_dp_it","
$415.62
","4.6"
"/dp/B08CGWTV4B/?coliid=I13P4RGN0TZ3QK&colid=JQK192QOJWAT&psc=1&ref_=lv_vv_lig_dp_it","
$449.00
","4.8"
"/dp/B0721PR3HQ/?coliid=I2IMYKXSF830R0&colid=JQK192QOJWAT&psc=0&ref_=lv_vv_lig_dp_it","
$349.00
","4.7"
"/dp/B07Q58V7S7/?coliid=I2QMP3S5JIV3XR&colid=JQK192QOJWAT&psc=1&ref_=lv_vv_lig_dp_it","
$349.00
","4.8"
"/dp/B01LBFYKU8/?coliid=I26Q0MKI9Z5GTP&colid=JQK192QOJWAT&psc=1&ref_=lv_vv_lig_dp_it","
$219.00
","4.8"
"/dp/B088ZSDW1L/?coliid=I30ZT7TM8COWYS&colid=JQK192QOJWAT&psc=1&ref_=lv_vv_lig_dp_it","
$299.00
","4.7"
"/dp/B01CYYZ9WS/?coliid=I2DSXP1UC8EF7R&colid=JQK192QOJWAT&psc=1&ref_=lv_vv_lig_dp_it","
$362.71
","4.4"
"/dp/B07CTXHNSL/?coliid=I2UNVIKX7LF4B8&colid=JQK192QOJWAT&psc=1&ref_=lv_vv_lig_dp_it","
$699.68
","4.9"
"/dp/B079CBP6P9/?coliid=I3S7PTD4GNWWYP&colid=JQK192QOJWAT&psc=1&ref_=lv_vv_lig_dp_it","
$760.00
","4.6"
"/dp/B01AJUFF6Y/?coliid=I27WIST3V6J27N&colid=JQK192QOJWAT&psc=1&ref_=lv_vv_lig_dp_it","","4.7"
"/dp/B01IRVUCOM/?coliid=I1F4CC5KIWIAP6&colid=JQK192QOJWAT&psc=1&ref_=lv_vv_lig_dp_it","
$1,823.81
","5.0"
"/dp/B085S4LC4V/?coliid=I3RQKUKCJTFOLX&colid=JQK192QOJWAT&psc=0&ref_=lv_vv_lig_dp_it","
$5,329.00
","4.8"
"/dp/B00J57VU44/?coliid=I3PSP1T7D0ERIO&colid=JQK192QOJWAT&psc=1&ref_=lv_vv_lig_dp_it","
$290.84
","4.9"
"/dp/B07V9DY6Z3/?coliid=I1DOGTN14X3RLR&colid=JQK192QOJWAT&psc=1&ref_=lv_vv_lig_dp_it","
$289.00
","4.4"
"/dp/B07TSPCK1M/?coliid=I28RDZXCFQS7QC&colid=JQK192QOJWAT&psc=1&ref_=lv_vv_lig_dp_it","
$429.00
","4.6"
"/dp/B071RSSMLL/?coliid=I1GCTUA28ZMADD&colid=JQK192QOJWAT&psc=1&ref_=lv_vv_lig_dp_it","
$1,625.70
","4.6"
"/dp/B01MTKXP31/?coliid=IWP1ORXWG7AKS&colid=JQK192QOJWAT&psc=1&ref_=lv_vv_lig_dp_it","","4.7"
"/dp/B088SGCDY7/?coliid=I2VDU4RBFRR5XV&colid=JQK192QOJWAT&psc=1&ref_=lv_vv_lig_dp_it","","4.8"
"/dp/B01MYV9V9Z/?coliid=I1RTADFUX7PSYQ&colid=JQK192QOJWAT&psc=0&ref_=lv_vv_lig_dp_it","","4.7"
"/dp/B0082HPSFU/?coliid=I3NDG39QQMXEEX&colid=JQK192QOJWAT&psc=1&ref_=lv_vv_lig_dp_it","
$399.00
","4.7"
"/dp/B08DG8HT1T/?coliid=I2CC0BIMMQGZZ4&colid=JQK192QOJWAT&psc=1&ref_=lv_vv_lig_dp_it","
$1,319.00
","4.6"
"/dp/B07PPRNM9W/?coliid=IX66ZMCLKKAE2&colid=JQK192QOJWAT&psc=0&ref_=lv_vv_lig_dp_it","
$599.00
","4.7"
"/dp/B084RF5JND/?coliid=I2TFN4UGZ8FS46&colid=JQK192QOJWAT&psc=1&ref_=lv_vv_lig_dp_it","
$2,499.00
","4.4"
"/dp/B07SBX48TY/?coliid=I13UQXCIUXQUTC&colid=JQK192QOJWAT&psc=1&ref_=lv_vv_lig_dp_it","","4.4"
"/dp/B01N7N6HO8/?coliid=I2JV8GR2J7CCQ1&colid=JQK192QOJWAT&psc=0&ref_=lv_vv_lig_dp_it","","4.7"
"/dp/9707802952/?coliid=I3F6EE1CHZGWUU&colid=JQK192QOJWAT&psc=1&ref_=lv_vv_lig_dp_it","","4.6"
"/dp/B072KNGV1K/?coliid=I6SKQO6I1U0NR&colid=JQK192QOJWAT&psc=1&ref_=lv_vv_lig_dp_it","
$7,149.94
","4.2"
"/dp/B0764M2JXY/?coliid=I1AI1226265MF3&colid=JQK192QOJWAT&psc=1&ref_=lv_vv_lig_dp_it","
$709.70
","4.8"
"/dp/B001BSX1EM/?coliid=I3QH4TJUMR9PRC&colid=JQK192QOJWAT&psc=1&ref_=lv_vv_lig_dp_it","
$807.26
","4.7"
"/dp/B00CM9NG1W/?coliid=I3HFYK1Y9DK28F&colid=JQK192QOJWAT&psc=0&ref_=lv_vv_lig_dp_it","","4.8"
"/dp/B079ZJS4XG/?coliid=IE4Q7UC3V8TF5&colid=JQK192QOJWAT&psc=1&ref_=lv_vv_lig_dp_it","
$550.30
","4.8"
"/dp/B00YYTX9VA/?coliid=I2D48XYNYC4B7G&colid=JQK192QOJWAT&psc=1&ref_=lv_vv_lig_dp_it","
$547.87
","4.8"
"/dp/B00YXO5U40/?coliid=I1VVQ3C9L5R0PD&colid=JQK192QOJWAT&psc=1&ref_=lv_vv_lig_dp_it","","4.6"
"/dp/B07V4GCFP9/?coliid=I7ZPNKUJJ3IEH&colid=JQK192QOJWAT&psc=1&ref_=lv_vv_lig_dp_it","","4.8"
"/dp/B07GHWHFR5/?coliid=I2P43ZU5SFMLJG&colid=JQK192QOJWAT&psc=1&ref_=lv_vv_lig_dp_it","","4.7"
"/dp/B07YXLS1RZ/?coliid=I1CFT4SYEUR2XB&colid=JQK192QOJWAT&psc=0&ref_=lv_vv_lig_dp_it","","4.3"
"/dp/B000YLAOEW/?coliid=I377582IK6AY1K&colid=JQK192QOJWAT&psc=1&ref_=lv_vv_lig_dp_it","
$748.13
","4.6"
"/dp/B07B7TTRDF/?coliid=IPCBM35MMHJLU&colid=JQK192QOJWAT&psc=0&ref_=lv_vv_lig_dp_it","","4.8"
"/dp/B07Y5H3BFC/?coliid=I129QEE5YLAOR&colid=JQK192QOJWAT&psc=1&ref_=lv_vv_lig_dp_it","
$599.00
","4.1"
"/dp/B077SRKKHQ/?coliid=I3TPACUSO5SFHV&colid=JQK192QOJWAT&psc=1&ref_=lv_vv_lig_dp_it","
$3,438.65
","4.4"
"/dp/B01HIA63AU/?coliid=I3DFV9SAUEP17&colid=JQK192QOJWAT&psc=0&ref_=lv_vv_lig_dp_it","","4.5"
"/dp/B07FQK1TS9/?coliid=IQGR99VZYVHBQ&colid=JQK192QOJWAT&psc=1&ref_=lv_vv_lig_dp_it","
$1,899.00
","4.9"
"/dp/B07W9LRB2J/?coliid=I3A87BF40ZFTVL&colid=JQK192QOJWAT&psc=1&ref_=lv_vv_lig_dp_it","
$3,420.20
","4.6"
"/dp/B01M4FEM9O/?coliid=I3OAHWAVZZIA2M&colid=JQK192QOJWAT&psc=1&ref_=lv_vv_lig_dp_it","
$2,519.00
","3.9"
"/dp/B07K6VNJHR/?coliid=I8VUCHHOHO980&colid=JQK192QOJWAT&psc=1&ref_=lv_vv_lig_dp_it","
$3,207.60
","4.7"
"/dp/B087MY2B17/?coliid=I1I8KV558RITRH&colid=JQK192QOJWAT&psc=1&ref_=lv_vv_lig_dp_it","
$850.00
","4.6"
"/dp/B0080W1VVC/?coliid=I3RPR0DI3DJA47&colid=JQK192QOJWAT&psc=0&ref_=lv_vv_lig_dp_it","","4.7"
"/dp/B0752PBHN9/?coliid=I9EJO0ZY86Q9M&colid=JQK192QOJWAT&psc=1&ref_=lv_vv_lig_dp_it","
$519.00
","4.6"
"/dp/B07P1TFLXL/?coliid=I15K4JCGVV392O&colid=JQK192QOJWAT&psc=1&ref_=lv_vv_lig_dp_it","
$299.00
","4.9"
"/dp/B01GW13E6C/?coliid=INW0XCL4HPGY0&colid=JQK192QOJWAT&psc=0&ref_=lv_vv_lig_dp_it","","4.7"
"/dp/B07HY4PSPW/?coliid=I1YJ3U9Z2CVC3H&colid=JQK192QOJWAT&psc=0&ref_=lv_vv_lig_dp_it","","4.6"
"/dp/B0773XBMB6/?coliid=I905KMMPXC8HI&colid=JQK192QOJWAT&psc=1&ref_=lv_vv_lig_dp_it","
$2,699.00
","4.8"
"/dp/B085DDXXNG/?coliid=I1DFEPLGZZ0WLA&colid=JQK192QOJWAT&psc=1&ref_=lv_vv_lig_dp_it","","4.8"
"/dp/B07Z8PNWZT/?coliid=I11N846HZPPPXH&colid=JQK192QOJWAT&psc=1&ref_=lv_vv_lig_dp_it","
$4,668.27
","4.7"
"/dp/B072XCZSSW/?coliid=I2VB5MGJCTNVPN&colid=JQK192QOJWAT&psc=1&ref_=lv_vv_lig_dp_it","
$3,045.70
","4.8"
"/dp/B0148NNKTC/?coliid=I2BRSYHHC8C831&colid=JQK192QOJWAT&psc=1&ref_=lv_vv_lig_dp_it","
$3,224.32
","4.6"
"/dp/B0787WGCXT/?coliid=IIELLGI97TC5A&colid=JQK192QOJWAT&psc=0&ref_=lv_vv_lig_dp_it","","4.6"
"/dp/B07FB6SY6Z/?coliid=I1AJTQG22372YE&colid=JQK192QOJWAT&psc=1&ref_=lv_vv_lig_dp_it","
$5,548.77
","4.6"
"/dp/B079LPLD7M/?coliid=I1MAX7L6O2CJGQ&colid=JQK192QOJWAT&psc=0&ref_=lv_vv_lig_dp_it","","4.8"
"/dp/B07JJV3JH8/?coliid=I15X6T7EA11T33&colid=JQK192QOJWAT&psc=0&ref_=lv_vv_lig_dp_it","","4.6"
"/dp/B07KXSR99Y/?coliid=I30GFSGD9U5Y0I&colid=JQK192QOJWAT&psc=0&ref_=lv_vv_lig_dp_it","","4.6"
"/dp/B0829S7178/?coliid=IHBZPRS1YXP2&colid=JQK192QOJWAT&psc=1&ref_=lv_vv_lig_dp_it","
$5,929.34
","4.6"
"/dp/B01IDNQDSS/?coliid=I3AJME67992A30&colid=JQK192QOJWAT&psc=0&ref_=lv_vv_lig_dp_it","","4.8"
"/dp/B084RD1D8M/?coliid=I31OX7T8UMENT1&colid=JQK192QOJWAT&psc=1&ref_=lv_vv_lig_dp_it","
$2,799.00
","4.4"